tensor_number,tensor_name,num_parameters,shape,shard_file,data_offset_bytes
1,lm_head.weight,513802240,100352x5120,model-00006-of-00006.safetensors,0
2,model.embed_tokens.weight,513802240,100352x5120,model-00001-of-00006.safetensors,0
3,model.layers.0.mlp.down_proj.weight,70778880,5120x13824,model-00001-of-00006.safetensors,1027604480
4,model.layers.0.mlp.gate_proj.weight,70778880,13824x5120,model-00001-of-00006.safetensors,1169162240
5,model.layers.0.mlp.up_proj.weight,70778880,13824x5120,model-00001-of-00006.safetensors,1310720000
6,model.layers.0.post_attention_layernorm.weight,5120,5120,model-00001-of-00006.safetensors,1452277760
7,model.layers.0.post_feedforward_layernorm.weight,5120,5120,model-00001-of-00006.safetensors,1452288000
8,model.layers.0.self_attn.k_norm.weight,5120,5120,model-00001-of-00006.safetensors,1452298240
9,model.layers.0.self_attn.k_proj.weight,26214400,5120x5120,model-00001-of-00006.safetensors,1452308480
10,model.layers.0.self_attn.o_proj.weight,26214400,5120x5120,model-00001-of-00006.safetensors,1504737280
11,model.layers.0.self_attn.q_norm.weight,5120,5120,model-00001-of-00006.safetensors,1557166080
12,model.layers.0.self_attn.q_proj.weight,26214400,5120x5120,model-00001-of-00006.safetensors,1557176320
13,model.layers.0.self_attn.v_proj.weight,26214400,5120x5120,model-00001-of-00006.safetensors,1609605120
14,model.layers.1.mlp.down_proj.weight,70778880,5120x13824,model-00001-of-00006.safetensors,1662033920
15,model.layers.1.mlp.gate_proj.weight,70778880,13824x5120,model-00001-of-00006.safetensors,1803591680
16,model.layers.1.mlp.up_proj.weight,70778880,13824x5120,model-00001-of-00006.safetensors,1945149440
17,model.layers.1.post_attention_layernorm.weight,5120,5120,model-00001-of-00006.safetensors,2086707200
18,model.layers.1.post_feedforward_layernorm.weight,5120,5120,model-00001-of-00006.safetensors,2086717440
19,model.layers.1.self_attn.k_norm.weight,5120,5120,model-00001-of-00006.safetensors,2086727680
20,model.layers.1.self_attn.k_proj.weight,26214400,5120x5120,model-00001-of-00006.safetensors,2086737920
21,model.layers.1.self_attn.o_proj.weight,26214400,5120x5120,model-00001-of-00006.safetensors,2139166720
22,model.layers.1.self_attn.q_norm.weight,5120,5120,model-00001-of-00006.safetensors,2191595520
23,model.layers.1.self_attn.q_proj.weight,26214400,5120x5120,model-00001-of-00006.safetensors,2191605760
24,model.layers.1.self_attn.v_proj.weight,26214400,5120x5120,model-00001-of-00006.safetensors,2244034560
25,model.layers.10.mlp.down_proj.weight,70778880,5120x13824,model-00002-of-00006.safetensors,0
26,model.layers.10.mlp.gate_proj.weight,70778880,13824x5120,model-00002-of-00006.safetensors,141557760
27,model.layers.10.mlp.up_proj.weight,70778880,13824x5120,model-00002-of-00006.safetensors,283115520
28,model.layers.10.post_attention_layernorm.weight,5120,5120,model-00002-of-00006.safetensors,424673280
29,model.layers.10.post_feedforward_layernorm.weight,5120,5120,model-00002-of-00006.safetensors,424683520
30,model.layers.10.self_attn.k_norm.weight,5120,5120,model-00002-of-00006.safetensors,424693760
31,model.layers.10.self_attn.k_proj.weight,26214400,5120x5120,model-00002-of-00006.safetensors,424704000
32,model.layers.10.self_attn.o_proj.weight,26214400,5120x5120,model-00002-of-00006.safetensors,477132800
33,model.layers.10.self_attn.q_norm.weight,5120,5120,model-00002-of-00006.safetensors,529561600
34,model.layers.10.self_attn.q_proj.weight,26214400,5120x5120,model-00002-of-00006.safetensors,529571840
35,model.layers.10.self_attn.v_proj.weight,26214400,5120x5120,model-00002-of-00006.safetensors,582000640
36,model.layers.11.mlp.down_proj.weight,70778880,5120x13824,model-00002-of-00006.safetensors,634429440
37,model.layers.11.mlp.gate_proj.weight,70778880,13824x5120,model-00002-of-00006.safetensors,775987200
38,model.layers.11.mlp.up_proj.weight,70778880,13824x5120,model-00002-of-00006.safetensors,917544960
39,model.layers.11.post_attention_layernorm.weight,5120,5120,model-00002-of-00006.safetensors,1059102720
40,model.layers.11.post_feedforward_layernorm.weight,5120,5120,model-00002-of-00006.safetensors,1059112960
41,model.layers.11.self_attn.k_norm.weight,5120,5120,model-00002-of-00006.safetensors,1059123200
42,model.layers.11.self_attn.k_proj.weight,26214400,5120x5120,model-00002-of-00006.safetensors,1059133440
43,model.layers.11.self_attn.o_proj.weight,26214400,5120x5120,model-00002-of-00006.safetensors,1111562240
44,model.layers.11.self_attn.q_norm.weight,5120,5120,model-00002-of-00006.safetensors,1163991040
45,model.layers.11.self_attn.q_proj.weight,26214400,5120x5120,model-00002-of-00006.safetensors,1164001280
46,model.layers.11.self_attn.v_proj.weight,26214400,5120x5120,model-00002-of-00006.safetensors,1216430080
47,model.layers.12.mlp.down_proj.weight,70778880,5120x13824,model-00002-of-00006.safetensors,1268858880
48,model.layers.12.mlp.gate_proj.weight,70778880,13824x5120,model-00002-of-00006.safetensors,1410416640
49,model.layers.12.mlp.up_proj.weight,70778880,13824x5120,model-00002-of-00006.safetensors,1551974400
50,model.layers.12.post_attention_layernorm.weight,5120,5120,model-00002-of-00006.safetensors,1693532160
51,model.layers.12.post_feedforward_layernorm.weight,5120,5120,model-00002-of-00006.safetensors,1693542400
52,model.layers.12.self_attn.k_norm.weight,5120,5120,model-00002-of-00006.safetensors,1693552640
53,model.layers.12.self_attn.k_proj.weight,26214400,5120x5120,model-00002-of-00006.safetensors,1693562880
54,model.layers.12.self_attn.o_proj.weight,26214400,5120x5120,model-00002-of-00006.safetensors,1745991680
55,model.layers.12.self_attn.q_norm.weight,5120,5120,model-00002-of-00006.safetensors,1798420480
56,model.layers.12.self_attn.q_proj.weight,26214400,5120x5120,model-00002-of-00006.safetensors,1798430720
57,model.layers.12.self_attn.v_proj.weight,26214400,5120x5120,model-00002-of-00006.safetensors,1850859520
58,model.layers.13.mlp.down_proj.weight,70778880,5120x13824,model-00002-of-00006.safetensors,1903288320
59,model.layers.13.mlp.gate_proj.weight,70778880,13824x5120,model-00002-of-00006.safetensors,2044846080
60,model.layers.13.mlp.up_proj.weight,70778880,13824x5120,model-00002-of-00006.safetensors,2186403840
61,model.layers.13.post_attention_layernorm.weight,5120,5120,model-00002-of-00006.safetensors,2327961600
62,model.layers.13.post_feedforward_layernorm.weight,5120,5120,model-00002-of-00006.safetensors,2327971840
63,model.layers.13.self_attn.k_norm.weight,5120,5120,model-00002-of-00006.safetensors,2327982080
64,model.layers.13.self_attn.k_proj.weight,26214400,5120x5120,model-00002-of-00006.safetensors,2327992320
65,model.layers.13.self_attn.o_proj.weight,26214400,5120x5120,model-00002-of-00006.safetensors,2380421120
66,model.layers.13.self_attn.q_norm.weight,5120,5120,model-00002-of-00006.safetensors,2432849920
67,model.layers.13.self_attn.q_proj.weight,26214400,5120x5120,model-00002-of-00006.safetensors,2432860160
68,model.layers.13.self_attn.v_proj.weight,26214400,5120x5120,model-00002-of-00006.safetensors,2485288960
69,model.layers.14.mlp.down_proj.weight,70778880,5120x13824,model-00003-of-00006.safetensors,0
70,model.layers.14.mlp.gate_proj.weight,70778880,13824x5120,model-00003-of-00006.safetensors,141557760
71,model.layers.14.mlp.up_proj.weight,70778880,13824x5120,model-00003-of-00006.safetensors,283115520
72,model.layers.14.post_attention_layernorm.weight,5120,5120,model-00003-of-00006.safetensors,424673280
73,model.layers.14.post_feedforward_layernorm.weight,5120,5120,model-00003-of-00006.safetensors,424683520
74,model.layers.14.self_attn.k_norm.weight,5120,5120,model-00003-of-00006.safetensors,424693760
75,model.layers.14.self_attn.k_proj.weight,26214400,5120x5120,model-00003-of-00006.safetensors,424704000
76,model.layers.14.self_attn.o_proj.weight,26214400,5120x5120,model-00003-of-00006.safetensors,477132800
77,model.layers.14.self_attn.q_norm.weight,5120,5120,model-00003-of-00006.safetensors,529561600
78,model.layers.14.self_attn.q_proj.weight,26214400,5120x5120,model-00002-of-00006.safetensors,2537717760
79,model.layers.14.self_attn.v_proj.weight,26214400,5120x5120,model-00003-of-00006.safetensors,529571840
80,model.layers.15.mlp.down_proj.weight,70778880,5120x13824,model-00003-of-00006.safetensors,582000640
81,model.layers.15.mlp.gate_proj.weight,70778880,13824x5120,model-00003-of-00006.safetensors,723558400
82,model.layers.15.mlp.up_proj.weight,70778880,13824x5120,model-00003-of-00006.safetensors,865116160
83,model.layers.15.post_attention_layernorm.weight,5120,5120,model-00003-of-00006.safetensors,1006673920
84,model.layers.15.post_feedforward_layernorm.weight,5120,5120,model-00003-of-00006.safetensors,1006684160
85,model.layers.15.self_attn.k_norm.weight,5120,5120,model-00003-of-00006.safetensors,1006694400
86,model.layers.15.self_attn.k_proj.weight,26214400,5120x5120,model-00003-of-00006.safetensors,1006704640
87,model.layers.15.self_attn.o_proj.weight,26214400,5120x5120,model-00003-of-00006.safetensors,1059133440
88,model.layers.15.self_attn.q_norm.weight,5120,5120,model-00003-of-00006.safetensors,1111562240
89,model.layers.15.self_attn.q_proj.weight,26214400,5120x5120,model-00003-of-00006.safetensors,1111572480
90,model.layers.15.self_attn.v_proj.weight,26214400,5120x5120,model-00003-of-00006.safetensors,1164001280
91,model.layers.16.mlp.down_proj.weight,70778880,5120x13824,model-00003-of-00006.safetensors,1216430080
92,model.layers.16.mlp.gate_proj.weight,70778880,13824x5120,model-00003-of-00006.safetensors,1357987840
93,model.layers.16.mlp.up_proj.weight,70778880,13824x5120,model-00003-of-00006.safetensors,1499545600
94,model.layers.16.post_attention_layernorm.weight,5120,5120,model-00003-of-00006.safetensors,1641103360
95,model.layers.16.post_feedforward_layernorm.weight,5120,5120,model-00003-of-00006.safetensors,1641113600
96,model.layers.16.self_attn.k_norm.weight,5120,5120,model-00003-of-00006.safetensors,1641123840
97,model.layers.16.self_attn.k_proj.weight,26214400,5120x5120,model-00003-of-00006.safetensors,1641134080
98,model.layers.16.self_attn.o_proj.weight,26214400,5120x5120,model-00003-of-00006.safetensors,1693562880
99,model.layers.16.self_attn.q_norm.weight,5120,5120,model-00003-of-00006.safetensors,1745991680
100,model.layers.16.self_attn.q_proj.weight,26214400,5120x5120,model-00003-of-00006.safetensors,1746001920
101,model.layers.16.self_attn.v_proj.weight,26214400,5120x5120,model-00003-of-00006.safetensors,1798430720
102,model.layers.17.mlp.down_proj.weight,70778880,5120x13824,model-00003-of-00006.safetensors,1850859520
103,model.layers.17.mlp.gate_proj.weight,70778880,13824x5120,model-00003-of-00006.safetensors,1992417280
104,model.layers.17.mlp.up_proj.weight,70778880,13824x5120,model-00003-of-00006.safetensors,2133975040
105,model.layers.17.post_attention_layernorm.weight,5120,5120,model-00003-of-00006.safetensors,2275532800
106,model.layers.17.post_feedforward_layernorm.weight,5120,5120,model-00003-of-00006.safetensors,2275543040
107,model.layers.17.self_attn.k_norm.weight,5120,5120,model-00003-of-00006.safetensors,2275553280
108,model.layers.17.self_attn.k_proj.weight,26214400,5120x5120,model-00003-of-00006.safetensors,2275563520
109,model.layers.17.self_attn.o_proj.weight,26214400,5120x5120,model-00003-of-00006.safetensors,2327992320
110,model.layers.17.self_attn.q_norm.weight,5120,5120,model-00003-of-00006.safetensors,2380421120
111,model.layers.17.self_attn.q_proj.weight,26214400,5120x5120,model-00003-of-00006.safetensors,2380431360
112,model.layers.17.self_attn.v_proj.weight,26214400,5120x5120,model-00003-of-00006.safetensors,2432860160
113,model.layers.18.mlp.down_proj.weight,70778880,5120x13824,model-00003-of-00006.safetensors,2485288960
114,model.layers.18.mlp.gate_proj.weight,70778880,13824x5120,model-00003-of-00006.safetensors,2626846720
115,model.layers.18.mlp.up_proj.weight,70778880,13824x5120,model-00003-of-00006.safetensors,2768404480
116,model.layers.18.post_attention_layernorm.weight,5120,5120,model-00003-of-00006.safetensors,2909962240
117,model.layers.18.post_feedforward_layernorm.weight,5120,5120,model-00003-of-00006.safetensors,2909972480
118,model.layers.18.self_attn.k_norm.weight,5120,5120,model-00003-of-00006.safetensors,2909982720
119,model.layers.18.self_attn.k_proj.weight,26214400,5120x5120,model-00003-of-00006.safetensors,2909992960
120,model.layers.18.self_attn.o_proj.weight,26214400,5120x5120,model-00003-of-00006.safetensors,2962421760
121,model.layers.18.self_attn.q_norm.weight,5120,5120,model-00003-of-00006.safetensors,3014850560
122,model.layers.18.self_attn.q_proj.weight,26214400,5120x5120,model-00003-of-00006.safetensors,3014860800
123,model.layers.18.self_attn.v_proj.weight,26214400,5120x5120,model-00003-of-00006.safetensors,3067289600
124,model.layers.19.mlp.down_proj.weight,70778880,5120x13824,model-00003-of-00006.safetensors,3119718400
125,model.layers.19.mlp.gate_proj.weight,70778880,13824x5120,model-00003-of-00006.safetensors,3261276160
126,model.layers.19.mlp.up_proj.weight,70778880,13824x5120,model-00003-of-00006.safetensors,3402833920
127,model.layers.19.post_attention_layernorm.weight,5120,5120,model-00003-of-00006.safetensors,3544391680
128,model.layers.19.post_feedforward_layernorm.weight,5120,5120,model-00003-of-00006.safetensors,3544401920
129,model.layers.19.self_attn.k_norm.weight,5120,5120,model-00003-of-00006.safetensors,3544412160
130,model.layers.19.self_attn.k_proj.weight,26214400,5120x5120,model-00003-of-00006.safetensors,3544422400
131,model.layers.19.self_attn.o_proj.weight,26214400,5120x5120,model-00003-of-00006.safetensors,3596851200
132,model.layers.19.self_attn.q_norm.weight,5120,5120,model-00003-of-00006.safetensors,3649280000
133,model.layers.19.self_attn.q_proj.weight,26214400,5120x5120,model-00003-of-00006.safetensors,3649290240
134,model.layers.19.self_attn.v_proj.weight,26214400,5120x5120,model-00003-of-00006.safetensors,3701719040
135,model.layers.2.mlp.down_proj.weight,70778880,5120x13824,model-00001-of-00006.safetensors,2296463360
136,model.layers.2.mlp.gate_proj.weight,70778880,13824x5120,model-00001-of-00006.safetensors,2438021120
137,model.layers.2.mlp.up_proj.weight,70778880,13824x5120,model-00001-of-00006.safetensors,2579578880
138,model.layers.2.post_attention_layernorm.weight,5120,5120,model-00001-of-00006.safetensors,2721136640
139,model.layers.2.post_feedforward_layernorm.weight,5120,5120,model-00001-of-00006.safetensors,2721146880
140,model.layers.2.self_attn.k_norm.weight,5120,5120,model-00001-of-00006.safetensors,2721157120
141,model.layers.2.self_attn.k_proj.weight,26214400,5120x5120,model-00001-of-00006.safetensors,2721167360
142,model.layers.2.self_attn.o_proj.weight,26214400,5120x5120,model-00001-of-00006.safetensors,2773596160
143,model.layers.2.self_attn.q_norm.weight,5120,5120,model-00001-of-00006.safetensors,2826024960
144,model.layers.2.self_attn.q_proj.weight,26214400,5120x5120,model-00001-of-00006.safetensors,2826035200
145,model.layers.2.self_attn.v_proj.weight,26214400,5120x5120,model-00001-of-00006.safetensors,2878464000
146,model.layers.20.mlp.down_proj.weight,70778880,5120x13824,model-00003-of-00006.safetensors,3754147840
147,model.layers.20.mlp.gate_proj.weight,70778880,13824x5120,model-00003-of-00006.safetensors,3895705600
148,model.layers.20.mlp.up_proj.weight,70778880,13824x5120,model-00003-of-00006.safetensors,4037263360
149,model.layers.20.post_attention_layernorm.weight,5120,5120,model-00003-of-00006.safetensors,4178821120
150,model.layers.20.post_feedforward_layernorm.weight,5120,5120,model-00003-of-00006.safetensors,4178831360
151,model.layers.20.self_attn.k_norm.weight,5120,5120,model-00003-of-00006.safetensors,4178841600
152,model.layers.20.self_attn.k_proj.weight,26214400,5120x5120,model-00003-of-00006.safetensors,4178851840
153,model.layers.20.self_attn.o_proj.weight,26214400,5120x5120,model-00003-of-00006.safetensors,4231280640
154,model.layers.20.self_attn.q_norm.weight,5120,5120,model-00003-of-00006.safetensors,4283709440
155,model.layers.20.self_attn.q_proj.weight,26214400,5120x5120,model-00003-of-00006.safetensors,4283719680
156,model.layers.20.self_attn.v_proj.weight,26214400,5120x5120,model-00003-of-00006.safetensors,4336148480
157,model.layers.21.mlp.down_proj.weight,70778880,5120x13824,model-00004-of-00006.safetensors,0
158,model.layers.21.mlp.gate_proj.weight,70778880,13824x5120,model-00003-of-00006.safetensors,4388577280
159,model.layers.21.mlp.up_proj.weight,70778880,13824x5120,model-00003-of-00006.safetensors,4530135040
160,model.layers.21.post_attention_layernorm.weight,5120,5120,model-00004-of-00006.safetensors,141557760
161,model.layers.21.post_feedforward_layernorm.weight,5120,5120,model-00004-of-00006.safetensors,141568000
162,model.layers.21.self_attn.k_norm.weight,5120,5120,model-00003-of-00006.safetensors,4671692800
163,model.layers.21.self_attn.k_proj.weight,26214400,5120x5120,model-00003-of-00006.safetensors,4671703040
164,model.layers.21.self_attn.o_proj.weight,26214400,5120x5120,model-00003-of-00006.safetensors,4724131840
165,model.layers.21.self_attn.q_norm.weight,5120,5120,model-00003-of-00006.safetensors,4776560640
166,model.layers.21.self_attn.q_proj.weight,26214400,5120x5120,model-00003-of-00006.safetensors,4776570880
167,model.layers.21.self_attn.v_proj.weight,26214400,5120x5120,model-00003-of-00006.safetensors,4828999680
168,model.layers.22.mlp.down_proj.weight,70778880,5120x13824,model-00004-of-00006.safetensors,141578240
169,model.layers.22.mlp.gate_proj.weight,70778880,13824x5120,model-00004-of-00006.safetensors,283136000
170,model.layers.22.mlp.up_proj.weight,70778880,13824x5120,model-00004-of-00006.safetensors,424693760
171,model.layers.22.post_attention_layernorm.weight,5120,5120,model-00004-of-00006.safetensors,566251520
172,model.layers.22.post_feedforward_layernorm.weight,5120,5120,model-00004-of-00006.safetensors,566261760
173,model.layers.22.self_attn.k_norm.weight,5120,5120,model-00004-of-00006.safetensors,566272000
174,model.layers.22.self_attn.k_proj.weight,26214400,5120x5120,model-00004-of-00006.safetensors,566282240
175,model.layers.22.self_attn.o_proj.weight,26214400,5120x5120,model-00004-of-00006.safetensors,618711040
176,model.layers.22.self_attn.q_norm.weight,5120,5120,model-00004-of-00006.safetensors,671139840
177,model.layers.22.self_attn.q_proj.weight,26214400,5120x5120,model-00004-of-00006.safetensors,671150080
178,model.layers.22.self_attn.v_proj.weight,26214400,5120x5120,model-00004-of-00006.safetensors,723578880
179,model.layers.23.mlp.down_proj.weight,70778880,5120x13824,model-00004-of-00006.safetensors,776007680
180,model.layers.23.mlp.gate_proj.weight,70778880,13824x5120,model-00004-of-00006.safetensors,917565440
181,model.layers.23.mlp.up_proj.weight,70778880,13824x5120,model-00004-of-00006.safetensors,1059123200
182,model.layers.23.post_attention_layernorm.weight,5120,5120,model-00004-of-00006.safetensors,1200680960
183,model.layers.23.post_feedforward_layernorm.weight,5120,5120,model-00004-of-00006.safetensors,1200691200
184,model.layers.23.self_attn.k_norm.weight,5120,5120,model-00004-of-00006.safetensors,1200701440
185,model.layers.23.self_attn.k_proj.weight,26214400,5120x5120,model-00004-of-00006.safetensors,1200711680
186,model.layers.23.self_attn.o_proj.weight,26214400,5120x5120,model-00004-of-00006.safetensors,1253140480
187,model.layers.23.self_attn.q_norm.weight,5120,5120,model-00004-of-00006.safetensors,1305569280
188,model.layers.23.self_attn.q_proj.weight,26214400,5120x5120,model-00004-of-00006.safetensors,1305579520
189,model.layers.23.self_attn.v_proj.weight,26214400,5120x5120,model-00004-of-00006.safetensors,1358008320
190,model.layers.24.mlp.down_proj.weight,70778880,5120x13824,model-00004-of-00006.safetensors,1410437120
191,model.layers.24.mlp.gate_proj.weight,70778880,13824x5120,model-00004-of-00006.safetensors,1551994880
192,model.layers.24.mlp.up_proj.weight,70778880,13824x5120,model-00004-of-00006.safetensors,1693552640
193,model.layers.24.post_attention_layernorm.weight,5120,5120,model-00004-of-00006.safetensors,1835110400
194,model.layers.24.post_feedforward_layernorm.weight,5120,5120,model-00004-of-00006.safetensors,1835120640
195,model.layers.24.self_attn.k_norm.weight,5120,5120,model-00004-of-00006.safetensors,1835130880
196,model.layers.24.self_attn.k_proj.weight,26214400,5120x5120,model-00004-of-00006.safetensors,1835141120
197,model.layers.24.self_attn.o_proj.weight,26214400,5120x5120,model-00004-of-00006.safetensors,1887569920
198,model.layers.24.self_attn.q_norm.weight,5120,5120,model-00004-of-00006.safetensors,1939998720
199,model.layers.24.self_attn.q_proj.weight,26214400,5120x5120,model-00004-of-00006.safetensors,1940008960
200,model.layers.24.self_attn.v_proj.weight,26214400,5120x5120,model-00004-of-00006.safetensors,1992437760
201,model.layers.25.mlp.down_proj.weight,70778880,5120x13824,model-00004-of-00006.safetensors,2044866560
202,model.layers.25.mlp.gate_proj.weight,70778880,13824x5120,model-00004-of-00006.safetensors,2186424320
203,model.layers.25.mlp.up_proj.weight,70778880,13824x5120,model-00004-of-00006.safetensors,2327982080
204,model.layers.25.post_attention_layernorm.weight,5120,5120,model-00004-of-00006.safetensors,2469539840
205,model.layers.25.post_feedforward_layernorm.weight,5120,5120,model-00004-of-00006.safetensors,2469550080
206,model.layers.25.self_attn.k_norm.weight,5120,5120,model-00004-of-00006.safetensors,2469560320
207,model.layers.25.self_attn.k_proj.weight,26214400,5120x5120,model-00004-of-00006.safetensors,2469570560
208,model.layers.25.self_attn.o_proj.weight,26214400,5120x5120,model-00004-of-00006.safetensors,2521999360
209,model.layers.25.self_attn.q_norm.weight,5120,5120,model-00004-of-00006.safetensors,2574428160
210,model.layers.25.self_attn.q_proj.weight,26214400,5120x5120,model-00004-of-00006.safetensors,2574438400
211,model.layers.25.self_attn.v_proj.weight,26214400,5120x5120,model-00004-of-00006.safetensors,2626867200
212,model.layers.26.mlp.down_proj.weight,70778880,5120x13824,model-00004-of-00006.safetensors,2679296000
213,model.layers.26.mlp.gate_proj.weight,70778880,13824x5120,model-00004-of-00006.safetensors,2820853760
214,model.layers.26.mlp.up_proj.weight,70778880,13824x5120,model-00004-of-00006.safetensors,2962411520
215,model.layers.26.post_attention_layernorm.weight,5120,5120,model-00004-of-00006.safetensors,3103969280
216,model.layers.26.post_feedforward_layernorm.weight,5120,5120,model-00004-of-00006.safetensors,3103979520
217,model.layers.26.self_attn.k_norm.weight,5120,5120,model-00004-of-00006.safetensors,3103989760
218,model.layers.26.self_attn.k_proj.weight,26214400,5120x5120,model-00004-of-00006.safetensors,3104000000
219,model.layers.26.self_attn.o_proj.weight,26214400,5120x5120,model-00004-of-00006.safetensors,3156428800
220,model.layers.26.self_attn.q_norm.weight,5120,5120,model-00004-of-00006.safetensors,3208857600
221,model.layers.26.self_attn.q_proj.weight,26214400,5120x5120,model-00004-of-00006.safetensors,3208867840
222,model.layers.26.self_attn.v_proj.weight,26214400,5120x5120,model-00004-of-00006.safetensors,3261296640
223,model.layers.27.mlp.down_proj.weight,70778880,5120x13824,model-00004-of-00006.safetensors,3313725440
224,model.layers.27.mlp.gate_proj.weight,70778880,13824x5120,model-00004-of-00006.safetensors,3455283200
225,model.layers.27.mlp.up_proj.weight,70778880,13824x5120,model-00004-of-00006.safetensors,3596840960
226,model.layers.27.post_attention_layernorm.weight,5120,5120,model-00004-of-00006.safetensors,3738398720
227,model.layers.27.post_feedforward_layernorm.weight,5120,5120,model-00004-of-00006.safetensors,3738408960
228,model.layers.27.self_attn.k_norm.weight,5120,5120,model-00004-of-00006.safetensors,3738419200
229,model.layers.27.self_attn.k_proj.weight,26214400,5120x5120,model-00004-of-00006.safetensors,3738429440
230,model.layers.27.self_attn.o_proj.weight,26214400,5120x5120,model-00004-of-00006.safetensors,3790858240
231,model.layers.27.self_attn.q_norm.weight,5120,5120,model-00004-of-00006.safetensors,3843287040
232,model.layers.27.self_attn.q_proj.weight,26214400,5120x5120,model-00004-of-00006.safetensors,3843297280
233,model.layers.27.self_attn.v_proj.weight,26214400,5120x5120,model-00004-of-00006.safetensors,3895726080
234,model.layers.28.mlp.down_proj.weight,70778880,5120x13824,model-00004-of-00006.safetensors,3948154880
235,model.layers.28.mlp.gate_proj.weight,70778880,13824x5120,model-00004-of-00006.safetensors,4089712640
236,model.layers.28.mlp.up_proj.weight,70778880,13824x5120,model-00004-of-00006.safetensors,4231270400
237,model.layers.28.post_attention_layernorm.weight,5120,5120,model-00004-of-00006.safetensors,4372828160
238,model.layers.28.post_feedforward_layernorm.weight,5120,5120,model-00004-of-00006.safetensors,4372838400
239,model.layers.28.self_attn.k_norm.weight,5120,5120,model-00004-of-00006.safetensors,4372848640
240,model.layers.28.self_attn.k_proj.weight,26214400,5120x5120,model-00004-of-00006.safetensors,4372858880
241,model.layers.28.self_attn.o_proj.weight,26214400,5120x5120,model-00004-of-00006.safetensors,4425287680
242,model.layers.28.self_attn.q_norm.weight,5120,5120,model-00004-of-00006.safetensors,4477716480
243,model.layers.28.self_attn.q_proj.weight,26214400,5120x5120,model-00004-of-00006.safetensors,4477726720
244,model.layers.28.self_attn.v_proj.weight,26214400,5120x5120,model-00004-of-00006.safetensors,4530155520
245,model.layers.29.mlp.down_proj.weight,70778880,5120x13824,model-00005-of-00006.safetensors,0
246,model.layers.29.mlp.gate_proj.weight,70778880,13824x5120,model-00004-of-00006.safetensors,4582584320
247,model.layers.29.mlp.up_proj.weight,70778880,13824x5120,model-00005-of-00006.safetensors,141557760
248,model.layers.29.post_attention_layernorm.weight,5120,5120,model-00005-of-00006.safetensors,283115520
249,model.layers.29.post_feedforward_layernorm.weight,5120,5120,model-00005-of-00006.safetensors,283125760
250,model.layers.29.self_attn.k_norm.weight,5120,5120,model-00004-of-00006.safetensors,4724142080
251,model.layers.29.self_attn.k_proj.weight,26214400,5120x5120,model-00004-of-00006.safetensors,4724152320
252,model.layers.29.self_attn.o_proj.weight,26214400,5120x5120,model-00004-of-00006.safetensors,4776581120
253,model.layers.29.self_attn.q_norm.weight,5120,5120,model-00004-of-00006.safetensors,4829009920
254,model.layers.29.self_attn.q_proj.weight,26214400,5120x5120,model-00004-of-00006.safetensors,4829020160
255,model.layers.29.self_attn.v_proj.weight,26214400,5120x5120,model-00004-of-00006.safetensors,4881448960
256,model.layers.3.mlp.down_proj.weight,70778880,5120x13824,model-00001-of-00006.safetensors,2930892800
257,model.layers.3.mlp.gate_proj.weight,70778880,13824x5120,model-00001-of-00006.safetensors,3072450560
258,model.layers.3.mlp.up_proj.weight,70778880,13824x5120,model-00001-of-00006.safetensors,3214008320
259,model.layers.3.post_attention_layernorm.weight,5120,5120,model-00001-of-00006.safetensors,3355566080
260,model.layers.3.post_feedforward_layernorm.weight,5120,5120,model-00001-of-00006.safetensors,3355576320
261,model.layers.3.self_attn.k_norm.weight,5120,5120,model-00001-of-00006.safetensors,3355586560
262,model.layers.3.self_attn.k_proj.weight,26214400,5120x5120,model-00001-of-00006.safetensors,3355596800
263,model.layers.3.self_attn.o_proj.weight,26214400,5120x5120,model-00001-of-00006.safetensors,3408025600
264,model.layers.3.self_attn.q_norm.weight,5120,5120,model-00001-of-00006.safetensors,3460454400
265,model.layers.3.self_attn.q_proj.weight,26214400,5120x5120,model-00001-of-00006.safetensors,3460464640
266,model.layers.3.self_attn.v_proj.weight,26214400,5120x5120,model-00001-of-00006.safetensors,3512893440
267,model.layers.30.mlp.down_proj.weight,70778880,5120x13824,model-00005-of-00006.safetensors,283136000
268,model.layers.30.mlp.gate_proj.weight,70778880,13824x5120,model-00005-of-00006.safetensors,424693760
269,model.layers.30.mlp.up_proj.weight,70778880,13824x5120,model-00005-of-00006.safetensors,566251520
270,model.layers.30.post_attention_layernorm.weight,5120,5120,model-00005-of-00006.safetensors,707809280
271,model.layers.30.post_feedforward_layernorm.weight,5120,5120,model-00005-of-00006.safetensors,707819520
272,model.layers.30.self_attn.k_norm.weight,5120,5120,model-00005-of-00006.safetensors,707829760
273,model.layers.30.self_attn.k_proj.weight,26214400,5120x5120,model-00005-of-00006.safetensors,707840000
274,model.layers.30.self_attn.o_proj.weight,26214400,5120x5120,model-00005-of-00006.safetensors,760268800
275,model.layers.30.self_attn.q_norm.weight,5120,5120,model-00005-of-00006.safetensors,812697600
276,model.layers.30.self_attn.q_proj.weight,26214400,5120x5120,model-00005-of-00006.safetensors,812707840
277,model.layers.30.self_attn.v_proj.weight,26214400,5120x5120,model-00005-of-00006.safetensors,865136640
278,model.layers.31.mlp.down_proj.weight,70778880,5120x13824,model-00005-of-00006.safetensors,917565440
279,model.layers.31.mlp.gate_proj.weight,70778880,13824x5120,model-00005-of-00006.safetensors,1059123200
280,model.layers.31.mlp.up_proj.weight,70778880,13824x5120,model-00005-of-00006.safetensors,1200680960
281,model.layers.31.post_attention_layernorm.weight,5120,5120,model-00005-of-00006.safetensors,1342238720
282,model.layers.31.post_feedforward_layernorm.weight,5120,5120,model-00005-of-00006.safetensors,1342248960
283,model.layers.31.self_attn.k_norm.weight,5120,5120,model-00005-of-00006.safetensors,1342259200
284,model.layers.31.self_attn.k_proj.weight,26214400,5120x5120,model-00005-of-00006.safetensors,1342269440
285,model.layers.31.self_attn.o_proj.weight,26214400,5120x5120,model-00005-of-00006.safetensors,1394698240
286,model.layers.31.self_attn.q_norm.weight,5120,5120,model-00005-of-00006.safetensors,1447127040
287,model.layers.31.self_attn.q_proj.weight,26214400,5120x5120,model-00005-of-00006.safetensors,1447137280
288,model.layers.31.self_attn.v_proj.weight,26214400,5120x5120,model-00005-of-00006.safetensors,1499566080
289,model.layers.32.mlp.down_proj.weight,70778880,5120x13824,model-00005-of-00006.safetensors,1551994880
290,model.layers.32.mlp.gate_proj.weight,70778880,13824x5120,model-00005-of-00006.safetensors,1693552640
291,model.layers.32.mlp.up_proj.weight,70778880,13824x5120,model-00005-of-00006.safetensors,1835110400
292,model.layers.32.post_attention_layernorm.weight,5120,5120,model-00005-of-00006.safetensors,1976668160
293,model.layers.32.post_feedforward_layernorm.weight,5120,5120,model-00005-of-00006.safetensors,1976678400
294,model.layers.32.self_attn.k_norm.weight,5120,5120,model-00005-of-00006.safetensors,1976688640
295,model.layers.32.self_attn.k_proj.weight,26214400,5120x5120,model-00005-of-00006.safetensors,1976698880
296,model.layers.32.self_attn.o_proj.weight,26214400,5120x5120,model-00005-of-00006.safetensors,2029127680
297,model.layers.32.self_attn.q_norm.weight,5120,5120,model-00005-of-00006.safetensors,2081556480
298,model.layers.32.self_attn.q_proj.weight,26214400,5120x5120,model-00005-of-00006.safetensors,2081566720
299,model.layers.32.self_attn.v_proj.weight,26214400,5120x5120,model-00005-of-00006.safetensors,2133995520
300,model.layers.33.mlp.down_proj.weight,70778880,5120x13824,model-00005-of-00006.safetensors,2186424320
301,model.layers.33.mlp.gate_proj.weight,70778880,13824x5120,model-00005-of-00006.safetensors,2327982080
302,model.layers.33.mlp.up_proj.weight,70778880,13824x5120,model-00005-of-00006.safetensors,2469539840
303,model.layers.33.post_attention_layernorm.weight,5120,5120,model-00005-of-00006.safetensors,2611097600
304,model.layers.33.post_feedforward_layernorm.weight,5120,5120,model-00005-of-00006.safetensors,2611107840
305,model.layers.33.self_attn.k_norm.weight,5120,5120,model-00005-of-00006.safetensors,2611118080
306,model.layers.33.self_attn.k_proj.weight,26214400,5120x5120,model-00005-of-00006.safetensors,2611128320
307,model.layers.33.self_attn.o_proj.weight,26214400,5120x5120,model-00005-of-00006.safetensors,2663557120
308,model.layers.33.self_attn.q_norm.weight,5120,5120,model-00005-of-00006.safetensors,2715985920
309,model.layers.33.self_attn.q_proj.weight,26214400,5120x5120,model-00005-of-00006.safetensors,2715996160
310,model.layers.33.self_attn.v_proj.weight,26214400,5120x5120,model-00005-of-00006.safetensors,2768424960
311,model.layers.34.mlp.down_proj.weight,70778880,5120x13824,model-00005-of-00006.safetensors,2820853760
312,model.layers.34.mlp.gate_proj.weight,70778880,13824x5120,model-00005-of-00006.safetensors,2962411520
313,model.layers.34.mlp.up_proj.weight,70778880,13824x5120,model-00005-of-00006.safetensors,3103969280
314,model.layers.34.post_attention_layernorm.weight,5120,5120,model-00005-of-00006.safetensors,3245527040
315,model.layers.34.post_feedforward_layernorm.weight,5120,5120,model-00005-of-00006.safetensors,3245537280
316,model.layers.34.self_attn.k_norm.weight,5120,5120,model-00005-of-00006.safetensors,3245547520
317,model.layers.34.self_attn.k_proj.weight,26214400,5120x5120,model-00005-of-00006.safetensors,3245557760
318,model.layers.34.self_attn.o_proj.weight,26214400,5120x5120,model-00005-of-00006.safetensors,3297986560
319,model.layers.34.self_attn.q_norm.weight,5120,5120,model-00005-of-00006.safetensors,3350415360
320,model.layers.34.self_attn.q_proj.weight,26214400,5120x5120,model-00005-of-00006.safetensors,3350425600
321,model.layers.34.self_attn.v_proj.weight,26214400,5120x5120,model-00005-of-00006.safetensors,3402854400
322,model.layers.35.mlp.down_proj.weight,70778880,5120x13824,model-00005-of-00006.safetensors,3455283200
323,model.layers.35.mlp.gate_proj.weight,70778880,13824x5120,model-00005-of-00006.safetensors,3596840960
324,model.layers.35.mlp.up_proj.weight,70778880,13824x5120,model-00005-of-00006.safetensors,3738398720
325,model.layers.35.post_attention_layernorm.weight,5120,5120,model-00005-of-00006.safetensors,3879956480
326,model.layers.35.post_feedforward_layernorm.weight,5120,5120,model-00005-of-00006.safetensors,3879966720
327,model.layers.35.self_attn.k_norm.weight,5120,5120,model-00005-of-00006.safetensors,3879976960
328,model.layers.35.self_attn.k_proj.weight,26214400,5120x5120,model-00005-of-00006.safetensors,3879987200
329,model.layers.35.self_attn.o_proj.weight,26214400,5120x5120,model-00005-of-00006.safetensors,3932416000
330,model.layers.35.self_attn.q_norm.weight,5120,5120,model-00005-of-00006.safetensors,3984844800
331,model.layers.35.self_attn.q_proj.weight,26214400,5120x5120,model-00005-of-00006.safetensors,3984855040
332,model.layers.35.self_attn.v_proj.weight,26214400,5120x5120,model-00005-of-00006.safetensors,4037283840
333,model.layers.36.mlp.down_proj.weight,70778880,5120x13824,model-00005-of-00006.safetensors,4089712640
334,model.layers.36.mlp.gate_proj.weight,70778880,13824x5120,model-00005-of-00006.safetensors,4231270400
335,model.layers.36.mlp.up_proj.weight,70778880,13824x5120,model-00005-of-00006.safetensors,4372828160
336,model.layers.36.post_attention_layernorm.weight,5120,5120,model-00005-of-00006.safetensors,4514385920
337,model.layers.36.post_feedforward_layernorm.weight,5120,5120,model-00005-of-00006.safetensors,4514396160
338,model.layers.36.self_attn.k_norm.weight,5120,5120,model-00005-of-00006.safetensors,4514406400
339,model.layers.36.self_attn.k_proj.weight,26214400,5120x5120,model-00005-of-00006.safetensors,4514416640
340,model.layers.36.self_attn.o_proj.weight,26214400,5120x5120,model-00005-of-00006.safetensors,4566845440
341,model.layers.36.self_attn.q_norm.weight,5120,5120,model-00005-of-00006.safetensors,4619274240
342,model.layers.36.self_attn.q_proj.weight,26214400,5120x5120,model-00005-of-00006.safetensors,4619284480
343,model.layers.36.self_attn.v_proj.weight,26214400,5120x5120,model-00005-of-00006.safetensors,4671713280
344,model.layers.37.mlp.down_proj.weight,70778880,5120x13824,model-00006-of-00006.safetensors,1027604480
345,model.layers.37.mlp.gate_proj.weight,70778880,13824x5120,model-00006-of-00006.safetensors,1169162240
346,model.layers.37.mlp.up_proj.weight,70778880,13824x5120,model-00006-of-00006.safetensors,1310720000
347,model.layers.37.post_attention_layernorm.weight,5120,5120,model-00006-of-00006.safetensors,1452277760
348,model.layers.37.post_feedforward_layernorm.weight,5120,5120,model-00006-of-00006.safetensors,1452288000
349,model.layers.37.self_attn.k_norm.weight,5120,5120,model-00005-of-00006.safetensors,4724142080
350,model.layers.37.self_attn.k_proj.weight,26214400,5120x5120,model-00005-of-00006.safetensors,4724152320
351,model.layers.37.self_attn.o_proj.weight,26214400,5120x5120,model-00005-of-00006.safetensors,4776581120
352,model.layers.37.self_attn.q_norm.weight,5120,5120,model-00005-of-00006.safetensors,4829009920
353,model.layers.37.self_attn.q_proj.weight,26214400,5120x5120,model-00005-of-00006.safetensors,4829020160
354,model.layers.37.self_attn.v_proj.weight,26214400,5120x5120,model-00005-of-00006.safetensors,4881448960
355,model.layers.38.mlp.down_proj.weight,70778880,5120x13824,model-00006-of-00006.safetensors,1452298240
356,model.layers.38.mlp.gate_proj.weight,70778880,13824x5120,model-00006-of-00006.safetensors,1593856000
357,model.layers.38.mlp.up_proj.weight,70778880,13824x5120,model-00006-of-00006.safetensors,1735413760
358,model.layers.38.post_attention_layernorm.weight,5120,5120,model-00006-of-00006.safetensors,1876971520
359,model.layers.38.post_feedforward_layernorm.weight,5120,5120,model-00006-of-00006.safetensors,1876981760
360,model.layers.38.self_attn.k_norm.weight,5120,5120,model-00006-of-00006.safetensors,1876992000
361,model.layers.38.self_attn.k_proj.weight,26214400,5120x5120,model-00006-of-00006.safetensors,1877002240
362,model.layers.38.self_attn.o_proj.weight,26214400,5120x5120,model-00006-of-00006.safetensors,1929431040
363,model.layers.38.self_attn.q_norm.weight,5120,5120,model-00006-of-00006.safetensors,1981859840
364,model.layers.38.self_attn.q_proj.weight,26214400,5120x5120,model-00006-of-00006.safetensors,1981870080
365,model.layers.38.self_attn.v_proj.weight,26214400,5120x5120,model-00006-of-00006.safetensors,2034298880
366,model.layers.39.mlp.down_proj.weight,70778880,5120x13824,model-00006-of-00006.safetensors,2086727680
367,model.layers.39.mlp.gate_proj.weight,70778880,13824x5120,model-00006-of-00006.safetensors,2228285440
368,model.layers.39.mlp.up_proj.weight,70778880,13824x5120,model-00006-of-00006.safetensors,2369843200
369,model.layers.39.post_attention_layernorm.weight,5120,5120,model-00006-of-00006.safetensors,2511400960
370,model.layers.39.post_feedforward_layernorm.weight,5120,5120,model-00006-of-00006.safetensors,2511411200
371,model.layers.39.self_attn.k_norm.weight,5120,5120,model-00006-of-00006.safetensors,2511421440
372,model.layers.39.self_attn.k_proj.weight,26214400,5120x5120,model-00006-of-00006.safetensors,2511431680
373,model.layers.39.self_attn.o_proj.weight,26214400,5120x5120,model-00006-of-00006.safetensors,2563860480
374,model.layers.39.self_attn.q_norm.weight,5120,5120,model-00006-of-00006.safetensors,2616289280
375,model.layers.39.self_attn.q_proj.weight,26214400,5120x5120,model-00006-of-00006.safetensors,2616299520
376,model.layers.39.self_attn.v_proj.weight,26214400,5120x5120,model-00006-of-00006.safetensors,2668728320
377,model.layers.4.mlp.down_proj.weight,70778880,5120x13824,model-00001-of-00006.safetensors,3565322240
378,model.layers.4.mlp.gate_proj.weight,70778880,13824x5120,model-00001-of-00006.safetensors,3706880000
379,model.layers.4.mlp.up_proj.weight,70778880,13824x5120,model-00001-of-00006.safetensors,3848437760
380,model.layers.4.post_attention_layernorm.weight,5120,5120,model-00001-of-00006.safetensors,3989995520
381,model.layers.4.post_feedforward_layernorm.weight,5120,5120,model-00001-of-00006.safetensors,3990005760
382,model.layers.4.self_attn.k_norm.weight,5120,5120,model-00001-of-00006.safetensors,3990016000
383,model.layers.4.self_attn.k_proj.weight,26214400,5120x5120,model-00001-of-00006.safetensors,3990026240
384,model.layers.4.self_attn.o_proj.weight,26214400,5120x5120,model-00001-of-00006.safetensors,4042455040
385,model.layers.4.self_attn.q_norm.weight,5120,5120,model-00001-of-00006.safetensors,4094883840
386,model.layers.4.self_attn.q_proj.weight,26214400,5120x5120,model-00001-of-00006.safetensors,4094894080
387,model.layers.4.self_attn.v_proj.weight,26214400,5120x5120,model-00001-of-00006.safetensors,4147322880
388,model.layers.5.mlp.down_proj.weight,70778880,5120x13824,model-00001-of-00006.safetensors,4199751680
389,model.layers.5.mlp.gate_proj.weight,70778880,13824x5120,model-00001-of-00006.safetensors,4341309440
390,model.layers.5.mlp.up_proj.weight,70778880,13824x5120,model-00001-of-00006.safetensors,4482867200
391,model.layers.5.post_attention_layernorm.weight,5120,5120,model-00001-of-00006.safetensors,4624424960
392,model.layers.5.post_feedforward_layernorm.weight,5120,5120,model-00001-of-00006.safetensors,4624435200
393,model.layers.5.self_attn.k_norm.weight,5120,5120,model-00001-of-00006.safetensors,4624445440
394,model.layers.5.self_attn.k_proj.weight,26214400,5120x5120,model-00001-of-00006.safetensors,4624455680
395,model.layers.5.self_attn.o_proj.weight,26214400,5120x5120,model-00001-of-00006.safetensors,4676884480
396,model.layers.5.self_attn.q_norm.weight,5120,5120,model-00001-of-00006.safetensors,4729313280
397,model.layers.5.self_attn.q_proj.weight,26214400,5120x5120,model-00001-of-00006.safetensors,4729323520
398,model.layers.5.self_attn.v_proj.weight,26214400,5120x5120,model-00001-of-00006.safetensors,4781752320
399,model.layers.6.mlp.down_proj.weight,70778880,5120x13824,model-00002-of-00006.safetensors,2590146560
400,model.layers.6.mlp.gate_proj.weight,70778880,13824x5120,model-00002-of-00006.safetensors,2731704320
401,model.layers.6.mlp.up_proj.weight,70778880,13824x5120,model-00002-of-00006.safetensors,2873262080
402,model.layers.6.post_attention_layernorm.weight,5120,5120,model-00002-of-00006.safetensors,3014819840
403,model.layers.6.post_feedforward_layernorm.weight,5120,5120,model-00002-of-00006.safetensors,3014830080
404,model.layers.6.self_attn.k_norm.weight,5120,5120,model-00002-of-00006.safetensors,3014840320
405,model.layers.6.self_attn.k_proj.weight,26214400,5120x5120,model-00001-of-00006.safetensors,4834181120
406,model.layers.6.self_attn.o_proj.weight,26214400,5120x5120,model-00002-of-00006.safetensors,3014850560
407,model.layers.6.self_attn.q_norm.weight,5120,5120,model-00002-of-00006.safetensors,3067279360
408,model.layers.6.self_attn.q_proj.weight,26214400,5120x5120,model-00001-of-00006.safetensors,4886609920
409,model.layers.6.self_attn.v_proj.weight,26214400,5120x5120,model-00001-of-00006.safetensors,4939038720
410,model.layers.7.mlp.down_proj.weight,70778880,5120x13824,model-00002-of-00006.safetensors,3067289600
411,model.layers.7.mlp.gate_proj.weight,70778880,13824x5120,model-00002-of-00006.safetensors,3208847360
412,model.layers.7.mlp.up_proj.weight,70778880,13824x5120,model-00002-of-00006.safetensors,3350405120
413,model.layers.7.post_attention_layernorm.weight,5120,5120,model-00002-of-00006.safetensors,3491962880
414,model.layers.7.post_feedforward_layernorm.weight,5120,5120,model-00002-of-00006.safetensors,3491973120
415,model.layers.7.self_attn.k_norm.weight,5120,5120,model-00002-of-00006.safetensors,3491983360
416,model.layers.7.self_attn.k_proj.weight,26214400,5120x5120,model-00002-of-00006.safetensors,3491993600
417,model.layers.7.self_attn.o_proj.weight,26214400,5120x5120,model-00002-of-00006.safetensors,3544422400
418,model.layers.7.self_attn.q_norm.weight,5120,5120,model-00002-of-00006.safetensors,3596851200
419,model.layers.7.self_attn.q_proj.weight,26214400,5120x5120,model-00002-of-00006.safetensors,3596861440
420,model.layers.7.self_attn.v_proj.weight,26214400,5120x5120,model-00002-of-00006.safetensors,3649290240
421,model.layers.8.mlp.down_proj.weight,70778880,5120x13824,model-00002-of-00006.safetensors,3701719040
422,model.layers.8.mlp.gate_proj.weight,70778880,13824x5120,model-00002-of-00006.safetensors,3843276800
423,model.layers.8.mlp.up_proj.weight,70778880,13824x5120,model-00002-of-00006.safetensors,3984834560
424,model.layers.8.post_attention_layernorm.weight,5120,5120,model-00002-of-00006.safetensors,4126392320
425,model.layers.8.post_feedforward_layernorm.weight,5120,5120,model-00002-of-00006.safetensors,4126402560
426,model.layers.8.self_attn.k_norm.weight,5120,5120,model-00002-of-00006.safetensors,4126412800
427,model.layers.8.self_attn.k_proj.weight,26214400,5120x5120,model-00002-of-00006.safetensors,4126423040
428,model.layers.8.self_attn.o_proj.weight,26214400,5120x5120,model-00002-of-00006.safetensors,4178851840
429,model.layers.8.self_attn.q_norm.weight,5120,5120,model-00002-of-00006.safetensors,4231280640
430,model.layers.8.self_attn.q_proj.weight,26214400,5120x5120,model-00002-of-00006.safetensors,4231290880
431,model.layers.8.self_attn.v_proj.weight,26214400,5120x5120,model-00002-of-00006.safetensors,4283719680
432,model.layers.9.mlp.down_proj.weight,70778880,5120x13824,model-00002-of-00006.safetensors,4336148480
433,model.layers.9.mlp.gate_proj.weight,70778880,13824x5120,model-00002-of-00006.safetensors,4477706240
434,model.layers.9.mlp.up_proj.weight,70778880,13824x5120,model-00002-of-00006.safetensors,4619264000
435,model.layers.9.post_attention_layernorm.weight,5120,5120,model-00002-of-00006.safetensors,4760821760
436,model.layers.9.post_feedforward_layernorm.weight,5120,5120,model-00002-of-00006.safetensors,4760832000
437,model.layers.9.self_attn.k_norm.weight,5120,5120,model-00002-of-00006.safetensors,4760842240
438,model.layers.9.self_attn.k_proj.weight,26214400,5120x5120,model-00002-of-00006.safetensors,4760852480
439,model.layers.9.self_attn.o_proj.weight,26214400,5120x5120,model-00002-of-00006.safetensors,4813281280
440,model.layers.9.self_attn.q_norm.weight,5120,5120,model-00002-of-00006.safetensors,4865710080
441,model.layers.9.self_attn.q_proj.weight,26214400,5120x5120,model-00002-of-00006.safetensors,4865720320
442,model.layers.9.self_attn.v_proj.weight,26214400,5120x5120,model-00002-of-00006.safetensors,4918149120
443,model.norm.weight,5120,5120,model-00006-of-00006.safetensors,2721157120
